{
    "text_model": {
        "accuracy": 0.973924977127173,
        "precision": 0.9375,
        "recall": 0.9433962264150944,
        "f1": 0.9404388714733543,
        "roc_auc": 0.9944479405490478
    },
    "url_model": {
        "accuracy": 0.9710538218000905,
        "precision": 0.9711637487126673,
        "recall": 0.9632277834525026,
        "f1": 0.9671794871794872,
        "roc_auc": 0.9970214604088457
    }
}